X,NULL,NULL1,Y
1   , , 0      , 144    
2   , , 1      , 0      
3   , , 0      , 144    
4   , , 2      , 0      
5   , , 0      , 144    
6   , , 3      , 0      
7   , , 0      , 144    
8   , , 4      , 0      
9   , , 0      , 144    
10  , , 5      , 0      
11  , , 0      , 147    
12  , , 6      , 0      
13  , , 0      , 147    
14  , , 7      , 0      
15  , , 0      , 144    
16  , , 8      , 0      
17  , , 0      , 144    
18  , , 9      , 0      
19  , , 0      , 147    
20  , , 10     , 0      
21  , , 0      , 144    
22  , , 11     , 0      
23  , , 0      , 141    
24  , , 12     , 0      
25  , , 0      , 144    
26  , , 13     , 0      
27  , , 0      , 136    
28  , , 14     , 0      
29  , , 0      , 127    
30  , , 15     , 0      
31  , , 0      , 141    
32  , , 16     , 0      
33  , , 0      , 138    
34  , , 17     , 0      
35  , , 0      , 147    
36  , , 18     , 0      
37  , , 0      , 136    
38  , , 19     , 0      
39  , , 0      , 147    
40  , , 20     , 0      
41  , , 0      , 147    
42  , , 21     , 0      
43  , , 0      , 144    
44  , , 22     , 0      
45  , , 0      , 147    
46  , , 23     , 0      
47  , , 0      , 150    
48  , , 24     , 0      
49  , , 0      , 147    
50  , , 25     , 0      
51  , , 0      , 147    
52  , , 26     , 0      
53  , , 0      , 147    
54  , , 27     , 0      
55  , , 0      , 144    
56  , , 28     , 0      
57  , , 0      , 141    
58  , , 29     , 0      
59  , , 0      , 138    
60  , , 30     , 0      
61  , , 0      , 99     
62  , , 31     , 0      
63  , , 0      , 19     
64  , , 32     , 0      
65  , , 0      , 11     
66  , , 33     , 0      
67  , , 0      , 11     
68  , , 34     , 0      
69  , , 0      , 11     
70  , , 35     , 0      
71  , , 0      , 34     
72  , , 36     , 0      
73  , , 0      , 76     
74  , , 37     , 0      
75  , , 0      , 107    
76  , , 38     , 0      
77  , , 0      , 96     
78  , , 39     , 0      
79  , , 0      , 85     
80  , , 40     , 0      
81  , , 0      , 53     
82  , , 41     , 0      
83  , , 0      , 5      
84  , , 42     , 0      
85  , , 0      , 39     
86  , , 43     , 0      
87  , , 0      , 31     
88  , , 44     , 0      
89  , , 0      , 19     
90  , , 45     , 0      
91  , , 0      , 8      
92  , , 46     , 0      
93  , , 0      , 11     
94  , , 47     , 0      
95  , , 0      , 2      
96  , , 48     , 0      
97  , , 0      , 0      
98  , , 49     , 0      
99  , , 0      , 0      
100 , , 50     , 0      
101 , , 0      , 5      
102 , , 51     , 0      
103 , , 0      , 19     
104 , , 52     , 0      
105 , , 0      , 22     
106 , , 53     , 0      
107 , , 0      , 19     
108 , , 54     , 0      
109 , , 0      , 31     
110 , , 55     , 0      
111 , , 0      , 42     
112 , , 56     , 0      
113 , , 0      , 85     
114 , , 57     , 0      
115 , , 0      , 133    
116 , , 58     , 0      
117 , , 0      , 119    
118 , , 59     , 0      
119 , , 0      , 87     
120 , , 60     , 0      
121 , , 0      , 82     
122 , , 61     , 0      
123 , , 0      , 110    
124 , , 62     , 0      
125 , , 0      , 116    
126 , , 63     , 0      
127 , , 0      , 113    
128 , , 64     , 0      
129 , , 0      , 79     
130 , , 65     , 0      
131 , , 0      , 96     
132 , , 66     , 0      
133 , , 0      , 82     
134 , , 67     , 0      
135 , , 0      , 68     
136 , , 68     , 0      
137 , , 0      , 70     
138 , , 69     , 0      
139 , , 0      , 62     
140 , , 70     , 0      
141 , , 0      , 65     
142 , , 71     , 0      
143 , , 0      , 48     
144 , , 72     , 0      
145 , , 0      , 45     
146 , , 73     , 0      
147 , , 0      , 45     
148 , , 74     , 0      
149 , , 0      , 39     
150 , , 75     , 0      
151 , , 0      , 36     
152 , , 76     , 0      
153 , , 0      , 31     
154 , , 77     , 0      
155 , , 0      , 25     
156 , , 78     , 0      
157 , , 0      , 22     
158 , , 79     , 0      
159 , , 0      , 22     
160 , , 80     , 0      
161 , , 0      , 17     
162 , , 81     , 0      
163 , , 0      , 14     
164 , , 82     , 0      
165 , , 0      , 14     
166 , , 83     , 0      
167 , , 0      , 14     
168 , , 84     , 0      
169 , , 0      , 14     
170 , , 85     , 0      
171 , , 0      , 14     
172 , , 86     , 0      
173 , , 0      , 14     
174 , , 87     , 0      
175 , , 0      , 14     
176 , , 88     , 0      
177 , , 0      , 17     
178 , , 89     , 0      
179 , , 0      , 14     
180 , , 90     , 0      
181 , , 0      , 14     
182 , , 91     , 0      
183 , , 0      , 14     
184 , , 92     , 0      
185 , , 0      , 14     
186 , , 93     , 0      
187 , , 0      , 11     
188 , , 94     , 0      
189 , , 0      , 11     
190 , , 95     , 0      
191 , , 0      , 14     
192 , , 96     , 0      
193 , , 0      , 14     
194 , , 97     , 0      
195 , , 0      , 14     
196 , , 98     , 0      
197 , , 0      , 14     
198 , , 99     , 0      
199 , , 0      , 14     
200 , , 100    , 0      
201 , , 0      , 11     
202 , , 101    , 0      
203 , , 0      , 14     
204 , , 102    , 0      
205 , , 0      , 11     
206 , , 103    , 0      
207 , , 0      , 14     
208 , , 104    , 0      
209 , , 0      , 14     
210 , , 105    , 0      
211 , , 0      , 11     
212 , , 106    , 0      
213 , , 0      , 14     
214 , , 107    , 0      
215 , , 0      , 14     
216 , , 108    , 0      
217 , , 0      , 14     
218 , , 109    , 0      
219 , , 0      , 11     
220 , , 110    , 0      
221 , , 0      , 14     
222 , , 111    , 0      
223 , , 0      , 8      
224 , , 112    , 0      
225 , , 0      , 11     
226 , , 113    , 0      
227 , , 0      , 14     
228 , , 114    , 0      
229 , , 0      , 22     
230 , , 115    , 0      
231 , , 0      , 19     
232 , , 116    , 0      
233 , , 0      , 19     
234 , , 117    , 0      
235 , , 0      , 22     
236 , , 118    , 0      
237 , , 0      , 22     
238 , , 119    , 0      
239 , , 0      , 25     
240 , , 120    , 0      
241 , , 0      , 22     
242 , , 121    , 0      
243 , , 0      , 22     
244 , , 122    , 0      
245 , , 0      , 25     
246 , , 123    , 0      
247 , , 0      , 19     
248 , , 124    , 0      
249 , , 0      , 28     
250 , , 125    , 0      
251 , , 0      , 65     
252 , , 126    , 0      
253 , , 0      , 39     
254 , , 127    , 0      
255 , , 0      , 31     
256 , , 128    , 0      
257 , , 0      , 36     
258 , , 129    , 0      
259 , , 0      , 39     
260 , , 130    , 0      
261 , , 0      , 45     
262 , , 131    , 0      
263 , , 0      , 45     
264 , , 132    , 0      
265 , , 0      , 48     
266 , , 133    , 0      
267 , , 0      , 62     
268 , , 134    , 0      
269 , , 0      , 59     
270 , , 135    , 0      
271 , , 0      , 62     
272 , , 136    , 0      
273 , , 0      , 65     
274 , , 137    , 0      
275 , , 0      , 73     
276 , , 138    , 0      
277 , , 0      , 70     
278 , , 139    , 0      
279 , , 0      , 65     
280 , , 140    , 0      
281 , , 0      , 85     
282 , , 141    , 0      
283 , , 0      , 70     
284 , , 142    , 0      
285 , , 0      , 73     
286 , , 143    , 0      
287 , , 0      , 73     
288 , , 144    , 0      
289 , , 0      , 87     
290 , , 145    , 0      
291 , , 0      , 76     
292 , , 146    , 0      
293 , , 0      , 79     
294 , , 147    , 0      
295 , , 0      , 96     
296 , , 148    , 0      
297 , , 0      , 85     
298 , , 149    , 0      
299 , , 0      , 73     
300 , , 150    , 0      
301 , , 0      , 85     
302 , , 151    , 0      
303 , , 0      , 96     
304 , , 152    , 0      
305 , , 0      , 85     
306 , , 153    , 0      
307 , , 0      , 93     
308 , , 154    , 0      
309 , , 0      , 107    
310 , , 155    , 0      
311 , , 0      , 90     
312 , , 156    , 0      
313 , , 0      , 90     
314 , , 157    , 0      
315 , , 0      , 113    
316 , , 158    , 0      
317 , , 0      , 119    
318 , , 159    , 0      
319 , , 0      , 104    
320 , , 160    , 0      
321 , , 0      , 102    
322 , , 161    , 0      
323 , , 0      , 121    
324 , , 162    , 0      
325 , , 0      , 113    
326 , , 163    , 0      
327 , , 0      , 96     
328 , , 164    , 0      
329 , , 0      , 113    
330 , , 165    , 0      
331 , , 0      , 113    
332 , , 166    , 0      
333 , , 0      , 107    
334 , , 167    , 0      
335 , , 0      , 116    
336 , , 168    , 0      
337 , , 0      , 124    
338 , , 169    , 0      
339 , , 0      , 113    
340 , , 170    , 0      
341 , , 0      , 102    
342 , , 171    , 0      
343 , , 0      , 104    
344 , , 172    , 0      
345 , , 0      , 87     
346 , , 173    , 0      
347 , , 0      , 76     
348 , , 174    , 0      
349 , , 0      , 82     
350 , , 175    , 0      
351 , , 0      , 82     
352 , , 176    , 0      
353 , , 0      , 65     
354 , , 177    , 0      
355 , , 0      , 62     
356 , , 178    , 0      
357 , , 0      , 68     
358 , , 179    , 0      
359 , , 0      , 68     
360 , , 180    , 0      
361 , , 0      , 59     
362 , , 181    , 0      
363 , , 0      , 53     
364 , , 182    , 0      
365 , , 0      , 59     
366 , , 183    , 0      
367 , , 0      , 59     
368 , , 184    , 0      
369 , , 0      , 56     
370 , , 185    , 0      
371 , , 0      , 65     
372 , , 186    , 0      
373 , , 0      , 68     
374 , , 187    , 0      
375 , , 0      , 76     
376 , , 188    , 0      
377 , , 0      , 104    
378 , , 189    , 0      
379 , , 0      , 90     
380 , , 190    , 0      
381 , , 0      , 79     
382 , , 191    , 0      
383 , , 0      , 82     
384 , , 192    , 0      
385 , , 0      , 82     
386 , , 193    , 0      
387 , , 0      , 73     
388 , , 194    , 0      
389 , , 0      , 62     
390 , , 195    , 0      
391 , , 0      , 65     
392 , , 196    , 0      
393 , , 0      , 76     
394 , , 197    , 0      
395 , , 0      , 70     
396 , , 198    , 0      
397 , , 0      , 70     
398 , , 199    , 0      
399 , , 0      , 79     
400 , , 200    , 0      
401 , , 0      , 87     
402 , , 201    , 0      
403 , , 0      , 96     
404 , , 202    , 0      
405 , , 0      , 107    
406 , , 203    , 0      
407 , , 0      , 124    
408 , , 204    , 0      
409 , , 0      , 127    
410 , , 205    , 0      
411 , , 0      , 130    
412 , , 206    , 0      
413 , , 0      , 138    
414 , , 207    , 0      
415 , , 0      , 138    
416 , , 208    , 0      
417 , , 0      , 136    
418 , , 209    , 0      
419 , , 0      , 144    
420 , , 210    , 0      
421 , , 0      , 141    
422 , , 211    , 0      
423 , , 0      , 130    
424 , , 212    , 0      
425 , , 0      , 138    
426 , , 213    , 0      
427 , , 0      , 144    
428 , , 214    , 0      
429 , , 0      , 138    
430 , , 215    , 0      
431 , , 0      , 127    
432 , , 216    , 0      
433 , , 0      , 133    
434 , , 217    , 0      
435 , , 0      , 121    
436 , , 218    , 0      
437 , , 0      , 107    
438 , , 219    , 0      
439 , , 0      , 110    
440 , , 220    , 0      
441 , , 0      , 107    
442 , , 221    , 0      
443 , , 0      , 99     
444 , , 222    , 0      
445 , , 0      , 90     
446 , , 223    , 0      
447 , , 0      , 96     
448 , , 224    , 0      
449 , , 0      , 102    
450 , , 225    , 0      
451 , , 0      , 96     
452 , , 226    , 0      
453 , , 0      , 102    
454 , , 227    , 0      
455 , , 0      , 124    
456 , , 228    , 0      
457 , , 0      , 116    
458 , , 229    , 0      
459 , , 0      , 22     
460 , , 230    , 0      
461 , , 0      , 2      
462 , , 231    , 0      
463 , , 0      , 65     
464 , , 232    , 0      
465 , , 0      , 110    
466 , , 233    , 0      
467 , , 0      , 124    
468 , , 234    , 0      
469 , , 0      , 116    
470 , , 235    , 0      
471 , , 0      , 107    
472 , , 236    , 0      
473 , , 0      , 107    
474 , , 237    , 0      
475 , , 0      , 99     
476 , , 238    , 0      
477 , , 0      , 90     
478 , , 239    , 0      
479 , , 0      , 82     
480 , , 240    , 0      
481 , , 0      , 87     
482 , , 241    , 0      
483 , , 0      , 82     
484 , , 242    , 0      
485 , , 0      , 73     
486 , , 243    , 0      
487 , , 0      , 70     
488 , , 244    , 0      
489 , , 0      , 68     
490 , , 245    , 0      
491 , , 0      , 65     
492 , , 246    , 0      
493 , , 0      , 56     
494 , , 247    , 0      
495 , , 0      , 56     
496 , , 248    , 0      
497 , , 0      , 53     
498 , , 249    , 0      
499 , , 0      , 51     
500 , , 250    , 0      
501 , , 0      , 53     
502 , , 251    , 0      
503 , , 0      , 62     
504 , , 252    , 0      
505 , , 0      , 73     
506 , , 253    , 0      
507 , , 0      , 87     
508 , , 254    , 0      
509 , , 0      , 93     
510 , , 255    , 0      
511 , , 0      , 87     
512 , , 256    , 0      
513 , , 0      , 96     
514 , , 257    , 0      
515 , , 0      , 102    
516 , , 258    , 0      
517 , , 0      , 116    
518 , , 259    , 0      
519 , , 0      , 124    
520 , , 260    , 0      
521 , , 0      , 110    
522 , , 261    , 0      
523 , , 0      , 107    
524 , , 262    , 0      
525 , , 0      , 104    
526 , , 263    , 0      
527 , , 0      , 110    
528 , , 264    , 0      
529 , , 0      , 110    
530 , , 265    , 0      
531 , , 0      , 102    
532 , , 266    , 0      
533 , , 0      , 93     
534 , , 267    , 0      
535 , , 0      , 99     
536 , , 268    , 0      
537 , , 0      , 99     
538 , , 269    , 0      
539 , , 0      , 93     
540 , , 270    , 0      
541 , , 0      , 93     
542 , , 271    , 0      
543 , , 0      , 96     
544 , , 272    , 0      
545 , , 0      , 99     
546 , , 273    , 0      
547 , , 0      , 104    
548 , , 274    , 0      
549 , , 0      , 116    
550 , , 275    , 0      
551 , , 0      , 110    
552 , , 276    , 0      
553 , , 0      , 102    
554 , , 277    , 0      
555 , , 0      , 107    
556 , , 278    , 0      
557 , , 0      , 119    
558 , , 279    , 0      
559 , , 0      , 119    
560 , , 280    , 0      
561 , , 0      , 119    
562 , , 281    , 0      
563 , , 0      , 121    
564 , , 282    , 0      
565 , , 0      , 124    
566 , , 283    , 0      
567 , , 0      , 121    
568 , , 284    , 0      
569 , , 0      , 119    
570 , , 285    , 0      
571 , , 0      , 127    
572 , , 286    , 0      
573 , , 0      , 119    
574 , , 287    , 0      
575 , , 0      , 113    
576 , , 288    , 0      
577 , , 0      , 121    
578 , , 289    , 0      
579 , , 0      , 130    
580 , , 290    , 0      
581 , , 0      , 124    
582 , , 291    , 0      
583 , , 0      , 119    
584 , , 292    , 0      
585 , , 0      , 121    
586 , , 293    , 0      
587 , , 0      , 116    
588 , , 294    , 0      
589 , , 0      , 119    
590 , , 295    , 0      
591 , , 0      , 130    
592 , , 296    , 0      
593 , , 0      , 116    
594 , , 297    , 0      
595 , , 0      , 104    
596 , , 298    , 0      
597 , , 0      , 119    
598 , , 299    , 0      
599 , , 0      , 127    
600 , , 300    , 0      
601 , , 0      , 113    
602 , , 301    , 0      
603 , , 0      , 124    
604 , , 302    , 0      
605 , , 0      , 119    
606 , , 303    , 0      
607 , , 0      , 110    
608 , , 304    , 0      
609 , , 0      , 113    
610 , , 305    , 0      
611 , , 0      , 136    
612 , , 306    , 0      
613 , , 0      , 124    
614 , , 307    , 0      
615 , , 0      , 116    
616 , , 308    , 0      
617 , , 0      , 133    
618 , , 309    , 0      
619 , , 0      , 133    
620 , , 310    , 0      
621 , , 0      , 121    
622 , , 311    , 0      
623 , , 0      , 124    
624 , , 312    , 0      
625 , , 0      , 138    
626 , , 313    , 0      
627 , , 0      , 138    
628 , , 314    , 0      
629 , , 0      , 130    
630 , , 315    , 0      
631 , , 0      , 141    
632 , , 316    , 0      
633 , , 0      , 136    
634 , , 317    , 0      
635 , , 0      , 127    
636 , , 318    , 0      
637 , , 0      , 133    
638 , , 319    , 0      
639 , , 0      , 138    
640 , , 320    , 0      
641 , , 0      , 124    
642 , , 321    , 0      
643 , , 0      , 127    
644 , , 322    , 0      
645 , , 0      , 141    
646 , , 323    , 0      
647 , , 0      , 130    
648 , , 324    , 0      
649 , , 0      , 121    
650 , , 325    , 0      
651 , , 0      , 127    
652 , , 326    , 0      
653 , , 0      , 136    
654 , , 327    , 0      
655 , , 0      , 121    
656 , , 328    , 0      
657 , , 0      , 121    
658 , , 329    , 0      
659 , , 0      , 136    
660 , , 330    , 0      
661 , , 0      , 133    
662 , , 331    , 0      
663 , , 0      , 119    
664 , , 332    , 0      
665 , , 0      , 141    
666 , , 333    , 0      
667 , , 0      , 144    
668 , , 334    , 0      
669 , , 0      , 130    
670 , , 335    , 0      
671 , , 0      , 138    
672 , , 336    , 0      
673 , , 0      , 147    
674 , , 337    , 0      
675 , , 0      , 130    
676 , , 338    , 0      
677 , , 0      , 133    
678 , , 339    , 0      
679 , , 0      , 147    
680 , , 340    , 0      
681 , , 0      , 127    
682 , , 341    , 0      
683 , , 0      , 119    
684 , , 342    , 0      
685 , , 0      , 133    
686 , , 343    , 0      
687 , , 0      , 133    
688 , , 344    , 0      
689 , , 0      , 119    
690 , , 345    , 0      
691 , , 0      , 113    
692 , , 346    , 0      
693 , , 0      , 121    
694 , , 347    , 0      
695 , , 0      , 99     
696 , , 348    , 0      
697 , , 0      , 93     
698 , , 349    , 0      
699 , , 0      , 102    
700 , , 350    , 0      
701 , , 0      , 90     
702 , , 351    , 0      
703 , , 0      , 79     
704 , , 352    , 0      
705 , , 0      , 70     
706 , , 353    , 0      
707 , , 0      , 93     
708 , , 354    , 0      
709 , , 0      , 93     
710 , , 355    , 0      
711 , , 0      , 65     
712 , , 356    , 0      
713 , , 0      , 65     
714 , , 357    , 0      
715 , , 0      , 73     
716 , , 358    , 0      
717 , , 0      , 73     
718 , , 359    , 0      
719 , , 0      , 65     
720 , , 360    , 0      
721 , , 0      , 68     
722 , , 361    , 0      
723 , , 0      , 68     
724 , , 362    , 0      
725 , , 0      , 62     
726 , , 363    , 0      
727 , , 0      , 68     
728 , , 364    , 0      
729 , , 0      , 73     
730 , , 365    , 0      
731 , , 0      , 76     
732 , , 366    , 0      
733 , , 0      , 87     
734 , , 367    , 0      
735 , , 0      , 87     
736 , , 368    , 0      
737 , , 0      , 85     
738 , , 369    , 0      
739 , , 0      , 87     
740 , , 370    , 0      
741 , , 0      , 85     
742 , , 371    , 0      
743 , , 0      , 85     
744 , , 372    , 0      
745 , , 0      , 82     
746 , , 373    , 0      
747 , , 0      , 96     
748 , , 374    , 0      
749 , , 0      , 96     
750 , , 375    , 0      
751 , , 0      , 93     
752 , , 376    , 0      
753 , , 0      , 93     
754 , , 377    , 0      
755 , , 0      , 90     
756 , , 378    , 0      
757 , , 0      , 79     
758 , , 379    , 0      
759 , , 0      , 73     
760 , , 380    , 0      
761 , , 0      , 68     
762 , , 381    , 0      
763 , , 0      , 73     
764 , , 382    , 0      
765 , , 0      , 76     
766 , , 383    , 0      
767 , , 0      , 79     
768 , , 384    , 0      
769 , , 0      , 90     
770 , , 385    , 0      
771 , , 0      , 99     
772 , , 386    , 0      
773 , , 0      , 102    
774 , , 387    , 0      
775 , , 0      , 107    
776 , , 388    , 0      
777 , , 0      , 113    
778 , , 389    , 0      
779 , , 0      , 104    
780 , , 390    , 0      
781 , , 0      , 107    
782 , , 391    , 0      
783 , , 0      , 116    
784 , , 392    , 0      
785 , , 0      , 121    
786 , , 393    , 0      
787 , , 0      , 119    
788 , , 394    , 0      
789 , , 0      , 124    
790 , , 395    , 0      
791 , , 0      , 119    
792 , , 396    , 0      
793 , , 0      , 113    
794 , , 397    , 0      
795 , , 0      , 110    
796 , , 398    , 0      
797 , , 0      , 124    
798 , , 399    , 0      
799 , , 0      , 121    
800 , , 400    , 0      
801 , , 0      , 116    
802 , , 401    , 0      
803 , , 0      , 116    
804 , , 402    , 0      
805 , , 0      , 121    
806 , , 403    , 0      
807 , , 0      , 119    
808 , , 404    , 0      
809 , , 0      , 116    
810 , , 405    , 0      
811 , , 0      , 127    
812 , , 406    , 0      
813 , , 0      , 110    
814 , , 407    , 0      
815 , , 0      , 104    
816 , , 408    , 0      
817 , , 0      , 119    
818 , , 409    , 0      
819 , , 0      , 124    
820 , , 410    , 0      
821 , , 0      , 119    
822 , , 411    , 0      
823 , , 0      , 121    
824 , , 412    , 0      
825 , , 0      , 127    
826 , , 413    , 0      
827 , , 0      , 113    
828 , , 414    , 0      
829 , , 0      , 116    
830 , , 415    , 0      
831 , , 0      , 138    
832 , , 416    , 0      
833 , , 0      , 136    
834 , , 417    , 0      
835 , , 0      , 121    
836 , , 418    , 0      
837 , , 0      , 127    
838 , , 419    , 0      
839 , , 0      , 141    
840 , , 420    , 0      
841 , , 0      , 130    
842 , , 421    , 0      
843 , , 0      , 127    
844 , , 422    , 0      
845 , , 0      , 144    
846 , , 423    , 0      
847 , , 0      , 147    
848 , , 424    , 0      
849 , , 0      , 141    
850 , , 425    , 0      
851 , , 0      , 147    
852 , , 426    , 0      
853 , , 0      , 144    
854 , , 427    , 0      
855 , , 0      , 133    
856 , , 428    , 0      
857 , , 0      , 138    
858 , , 429    , 0      
859 , , 0      , 150    
860 , , 430    , 0      
861 , , 0      , 133    
862 , , 431    , 0      
863 , , 0      , 133    
864 , , 432    , 0      
865 , , 0      , 150    
866 , , 433    , 0      
867 , , 0      , 141    
868 , , 434    , 0      
869 , , 0      , 127    
870 , , 435    , 0      
871 , , 0      , 136    
872 , , 436    , 0      
873 , , 0      , 144    
874 , , 437    , 0      
875 , , 0      , 124    
876 , , 438    , 0      
877 , , 0      , 127    
878 , , 439    , 0      
879 , , 0      , 144    
880 , , 440    , 0      
881 , , 0      , 136    
882 , , 441    , 0      
883 , , 0      , 130    
884 , , 442    , 0      
885 , , 0      , 150    
886 , , 443    , 0      
887 , , 0      , 147    
888 , , 444    , 0      
889 , , 0      , 133    
890 , , 445    , 0      
891 , , 0      , 144    
892 , , 446    , 0      
893 , , 0      , 150    
894 , , 447    , 0      
895 , , 0      , 133    
896 , , 448    , 0      
897 , , 0      , 136    
898 , , 449    , 0      
899 , , 0      , 147    
900 , , 450    , 0      
901 , , 0      , 130    
902 , , 451    , 0      
903 , , 0      , 119    
904 , , 452    , 0      
905 , , 0      , 130    
906 , , 453    , 0      
907 , , 0      , 136    
908 , , 454    , 0      
909 , , 0      , 119    
910 , , 455    , 0      
911 , , 0      , 116    
912 , , 456    , 0      
913 , , 0      , 136    
914 , , 457    , 0      
915 , , 0      , 127    
916 , , 458    , 0      
917 , , 0      , 116    
918 , , 459    , 0      
919 , , 0      , 127    
920 , , 460    , 0      
921 , , 0      , 136    
922 , , 461    , 0      
923 , , 0      , 121    
924 , , 462    , 0      
925 , , 0      , 119    
926 , , 463    , 0      
927 , , 0      , 133    
928 , , 464    , 0      
929 , , 0      , 130    
930 , , 465    , 0      
931 , , 0      , 116    
932 , , 466    , 0      
933 , , 0      , 130    
934 , , 467    , 0      
935 , , 0      , 130    
936 , , 468    , 0      
937 , , 0      , 113    
938 , , 469    , 0      
939 , , 0      , 116    
940 , , 470    , 0      
941 , , 0      , 130    
942 , , 471    , 0      
943 , , 0      , 121    
944 , , 472    , 0      
945 , , 0      , 107    
946 , , 473    , 0      
947 , , 0      , 127    
948 , , 474    , 0      
949 , , 0      , 133    
950 , , 475    , 0      
951 , , 0      , 133    
952 , , 476    , 0      
953 , , 0      , 138    
954 , , 477    , 0      
955 , , 0      , 121    
956 , , 478    , 0      
957 , , 0      , 116    
958 , , 479    , 0      
959 , , 0      , 133    
960 , , 480    , 0      
961 , , 0      , 127    
962 , , 481    , 0      
963 , , 0      , 113    
964 , , 482    , 0      
965 , , 0      , 107    
966 , , 483    , 0      
967 , , 0      , 116    
968 , , 484    , 0      
969 , , 0      , 93     
970 , , 485    , 0      
971 , , 0      , 59     
972 , , 486    , 0      
973 , , 0      , 65     
974 , , 487    , 0      
975 , , 0      , 68     
976 , , 488    , 0      
977 , , 0      , 62     
978 , , 489    , 0      
979 , , 0      , 59     
980 , , 490    , 0      
981 , , 0      , 65     
982 , , 491    , 0      
983 , , 0      , 65     
984 , , 492    , 0      
985 , , 0      , 59     
986 , , 493    , 0      
987 , , 0      , 68     
988 , , 494    , 0      
989 , , 0      , 70     
990 , , 495    , 0      
991 , , 0      , 65     
992 , , 496    , 0      
993 , , 0      , 59     
994 , , 497    , 0      
995 , , 0      , 45     
996 , , 498    , 0      
997 , , 0      , 93     
998 , , 499    , 0      
999 , , 0      , 93     
1000, , 500    , 0      
1001, , 0      , 85     
1002, , 501    , 0      
1003, , 0      , 82     
1004, , 502    , 0      
1005, , 0      , 68     
1006, , 503    , 0      
1007, , 0      , 59     
1008, , 504    , 0      
1009, , 0      , 59     
1010, , 505    , 0      
1011, , 0      , 53     
1012, , 506    , 0      
1013, , 0      , 48     
1014, , 507    , 0      
1015, , 0      , 51     
1016, , 508    , 0      
1017, , 0      , 48     
1018, , 509    , 0      
1019, , 0      , 45     
1020, , 510    , 0      
1021, , 0      , 48     
1022, , 511    , 0      
1023, , 0      , 56     
1024, , 512    , 0      
1025, , 0      , 62     
1026, , 513    , 0      
1027, , 0      , 73     
1028, , 514    , 0      
1029, , 0      , 116    
1030, , 515    , 0      
1031, , 0      , 144    
1032, , 516    , 0      
1033, , 0      , 144    
1034, , 517    , 0      
1035, , 0      , 144    
1036, , 518    , 0      
1037, , 0      , 147    
1038, , 519    , 0      
1039, , 0      , 150    
1040, , 520    , 0      
1041, , 0      , 150    
1042, , 521    , 0      
1043, , 0      , 150    
1044, , 522    , 0      
1045, , 0      , 144    
1046, , 523    , 0      
1047, , 0      , 147    
1048, , 524    , 0      
1049, , 0      , 144    
1050, , 525    , 0      
1051, , 0      , 144    
1052, , 526    , 0      
1053, , 0      , 144    
1054, , 527    , 0      
1055, , 0      , 150    
1056, , 528    , 0      
1057, , 0      , 147    
1058, , 529    , 0      
1059, , 0      , 150    
1060, , 530    , 0      
1061, , 0      , 150    
1062, , 531    , 0      
1063, , 0      , 147    
1064, , 532    , 0      
1065, , 0      , 150    
1066, , 533    , 0      
1067, , 0      , 150    
1068, , 534    , 0      
1069, , 0      , 147    
1070, , 535    , 0      
1071, , 0      , 147    
1072, , 536    , 0      
1073, , 0      , 147    
1074, , 537    , 0      
1075, , 0      , 150    
1076, , 538    , 0      
1077, , 0      , 144    
1078, , 539    , 0      
1079, , 0      , 147    
1080, , 540    , 0      
1081, , 0      , 150    
1082, , 541    , 0      
1083, , 0      , 147    
1084, , 542    , 0      
1085, , 0      , 147    
1086, , 543    , 0      
1087, , 0      , 150    
1088, , 544    , 0      
1089, , 0      , 150    
1090, , 545    , 0      
1091, , 0      , 147    
1092, , 546    , 0      
1093, , 0      , 147    
1094, , 547    , 0      
1095, , 0      , 147    
1096, , 548    , 0      
1097, , 0      , 150    
1098, , 549    , 0      
1099, , 0      , 150    
1100, , 550    , 0      
1101, , 0      , 147    
1102, , 551    , 0      
1103, , 0      , 147    
1104, , 552    , 0      
1105, , 0      , 147    
1106, , 553    , 0      
1107, , 0      , 150    
1108, , 554    , 0      
1109, , 0      , 150    
1110, , 555    , 0      
1111, , 0      , 144    
1112, , 556    , 0      
1113, , 0      , 141    
1114, , 557    , 0      
1115, , 0      , 144    
1116, , 558    , 0      
1117, , 0      , 144    
1118, , 559    , 0      
1119, , 0      , 138    
1120, , 560    , 0      
1121, , 0      , 141    
1122, , 0      , 0      
1123, , 0      , 158    
1124, , 1      , 0      
1125, , 0      , 155    
1126, , 2      , 0      
1127, , 0      , 158    
1128, , 3      , 0      
1129, , 0      , 158    
1130, , 4      , 0      
1131, , 0      , 158    
1132, , 5      , 0      
1133, , 0      , 158    
1134, , 6      , 0      
1135, , 0      , 153    
1136, , 7      , 0      
1137, , 0      , 141    
1138, , 8      , 0      
1139, , 0      , 130    
1140, , 9      , 0      
1141, , 0      , 110    
1142, , 10     , 0      
1143, , 0      , 102    
1144, , 11     , 0      
1145, , 0      , 85     
1146, , 12     , 0      
1147, , 0      , 48     
1148, , 13     , 0      
1149, , 0      , 17     
1150, , 14     , 0      
1151, , 0      , 93     
1152, , 15     , 0      
1153, , 0      , 93     
1154, , 16     , 0      
1155, , 0      , 93     
1156, , 17     , 0      
1157, , 0      , 116    
1158, , 18     , 0      
1159, , 0      , 121    
1160, , 19     , 0      
1161, , 0      , 119    
1162, , 20     , 0      
1163, , 0      , 138    
1164, , 21     , 0      
1165, , 0      , 153    
1166, , 22     , 0      
1167, , 0      , 153    
1168, , 23     , 0      
1169, , 0      , 155    
1170, , 24     , 0      
1171, , 0      , 141    
1172, , 25     , 0      
1173, , 0      , 127    
1174, , 26     , 0      
1175, , 0      , 119    
1176, , 27     , 0      
1177, , 0      , 136    
1178, , 28     , 0      
1179, , 0      , 155    
1180, , 29     , 0      
1181, , 0      , 155    
1182, , 30     , 0      
1183, , 0      , 155    
1184, , 31     , 0      
1185, , 0      , 155    
1186, , 32     , 0      
1187, , 0      , 150    
1188, , 33     , 0      
1189, , 0      , 153    
1190, , 34     , 0      
1191, , 0      , 155    
1192, , 35     , 0      
1193, , 0      , 150    
1194, , 36     , 0      
1195, , 0      , 153    
1196, , 37     , 0      
1197, , 0      , 155    
1198, , 38     , 0      
1199, , 0      , 147    
1200, , 39     , 0      
1201, , 0      , 150    
1202, , 40     , 0      
1203, , 0      , 153    
1204, , 41     , 0      
1205, , 0      , 150    
1206, , 42     , 0      
1207, , 0      , 150    
1208, , 43     , 0      
1209, , 0      , 153    
1210, , 44     , 0      
1211, , 0      , 150    
1212, , 45     , 0      
1213, , 0      , 144    
1214, , 46     , 0      
1215, , 0      , 153    
1216, , 47     , 0      
1217, , 0      , 155    
1218, , 48     , 0      
1219, , 0      , 147    
1220, , 49     , 0      
1221, , 0      , 153    
1222, , 50     , 0      
1223, , 0      , 150    
1224, , 51     , 0      
1225, , 0      , 153    
1226, , 52     , 0      
1227, , 0      , 150    
1228, , 53     , 0      
1229, , 0      , 153    
1230, , 54     , 0      
1231, , 0      , 153    
1232, , 55     , 0      
1233, , 0      , 147    
1234, , 56     , 0      
1235, , 0      , 150    
1236, , 57     , 0      
1237, , 0      , 150    
1238, , 58     , 0      
1239, , 0      , 150    
1240, , 59     , 0      
1241, , 0      , 150    
1242, , 60     , 0      
1243, , 0      , 150    
1244, , 61     , 0      
1245, , 0      , 153    
1246, , 62     , 0      
1247, , 0      , 150    
1248, , 63     , 0      
1249, , 0      , 150    
1250, , 64     , 0      
1251, , 0      , 150    
1252, , 65     , 0      
1253, , 0      , 144    
1254, , 66     , 0      
1255, , 0      , 141    
1256, , 67     , 0      
1257, , 0      , 144    
1258, , 68     , 0      
1259, , 0      , 147    
1260, , 69     , 0      
1261, , 0      , 141    
1262, , 70     , 0      
1263, , 0      , 141    
1264, , 71     , 0      
1265, , 0      , 144    
1266, , 72     , 0      
1267, , 0      , 138    
1268, , 73     , 0      
1269, , 0      , 136    
1270, , 74     , 0      
1271, , 0      , 136    
1272, , 75     , 0      
1273, , 0      , 138    
1274, , 76     , 0      
1275, , 0      , 133    
1276, , 77     , 0      
1277, , 0      , 133    
1278, , 78     , 0      
1279, , 0      , 133    
1280, , 79     , 0      
1281, , 0      , 121    
1282, , 80     , 0      
1283, , 0      , 107    
1284, , 81     , 0      
1285, , 0      , 104    
1286, , 82     , 0      
1287, , 0      , 85     
1288, , 83     , 0      
1289, , 0      , 68     
1290, , 84     , 0      
1291, , 0      , 76     
1292, , 85     , 0      
1293, , 0      , 87     
1294, , 86     , 0      
1295, , 0      , 93     
1296, , 87     , 0      
1297, , 0      , 90     
1298, , 88     , 0      
1299, , 0      , 93     
1300, , 89     , 0      
1301, , 0      , 96     
1302, , 90     , 0      
1303, , 0      , 99     
1304, , 91     , 0      
1305, , 0      , 99     
1306, , 92     , 0      
1307, , 0      , 107    
1308, , 93     , 0      
1309, , 0      , 110    
1310, , 94     , 0      
1311, , 0      , 104    
1312, , 95     , 0      
1313, , 0      , 104    
1314, , 96     , 0      
1315, , 0      , 116    
1316, , 97     , 0      
1317, , 0      , 107    
1318, , 98     , 0      
1319, , 0      , 107    
1320, , 99     , 0      
1321, , 0      , 119    
1322, , 100    , 0      
1323, , 0      , 121    
1324, , 101    , 0      
1325, , 0      , 116    
1326, , 102    , 0      
1327, , 0      , 121    
1328, , 103    , 0      
1329, , 0      , 119    
1330, , 104    , 0      
1331, , 0      , 121    
1332, , 105    , 0      
1333, , 0      , 113    
1334, , 106    , 0      
1335, , 0      , 119    
1336, , 107    , 0      
1337, , 0      , 116    
1338, , 108    , 0      
1339, , 0      , 113    
1340, , 109    , 0      
1341, , 0      , 110    
1342, , 110    , 0      
1343, , 0      , 113    
1344, , 111    , 0      
1345, , 0      , 113    
1346, , 112    , 0      
1347, , 0      , 102    
1348, , 113    , 0      
1349, , 0      , 113    
1350, , 114    , 0      
1351, , 0      , 99     
1352, , 115    , 0      
1353, , 0      , 85     
1354, , 116    , 0      
1355, , 0      , 85     
1356, , 117    , 0      
1357, , 0      , 93     
1358, , 118    , 0      
1359, , 0      , 107    
1360, , 119    , 0      
1361, , 0      , 87     
1362, , 120    , 0      
1363, , 0      , 87     
1364, , 121    , 0      
1365, , 0      , 90     
1366, , 122    , 0      
1367, , 0      , 85     
1368, , 123    , 0      
1369, , 0      , 70     
1370, , 124    , 0      
1371, , 0      , 76     
1372, , 125    , 0      
1373, , 0      , 70     
1374, , 126    , 0      
1375, , 0      , 56     
1376, , 127    , 0      
1377, , 0      , 59     
1378, , 128    , 0      
1379, , 0      , 59     
1380, , 129    , 0      
1381, , 0      , 51     
1382, , 130    , 0      
1383, , 0      , 53     
1384, , 131    , 0      
1385, , 0      , 51     
1386, , 132    , 0      
1387, , 0      , 34     
1388, , 133    , 0      
1389, , 0      , 34     
1390, , 134    , 0      
1391, , 0      , 34     
1392, , 135    , 0      
1393, , 0      , 28     
1394, , 136    , 0      
1395, , 0      , 25     
1396, , 137    , 0      
1397, , 0      , 25     
1398, , 138    , 0      
1399, , 0      , 25     
1400, , 139    , 0      
1401, , 0      , 19     
1402, , 140    , 0      
1403, , 0      , 19     
1404, , 141    , 0      
1405, , 0      , 19     
1406, , 142    , 0      
1407, , 0      , 14     
1408, , 143    , 0      
1409, , 0      , 5      
1410, , 144    , 0      
1411, , 0      , 2      
1412, , 145    , 0      
1413, , 0      , 2      
1414, , 146    , 0      
1415, , 0      , 5      
1416, , 147    , 0      
1417, , 0      , 5      
1418, , 148    , 0      
1419, , 0      , 2      
1420, , 149    , 0      
1421, , 0      , 2      
1422, , 150    , 0      
1423, , 0      , 2      
1424, , 151    , 0      
1425, , 0      , 17     
1426, , 152    , 0      
1427, , 0      , 25     
1428, , 153    , 0      
1429, , 0      , 17     
1430, , 154    , 0      
1431, , 0      , 19     
1432, , 155    , 0      
1433, , 0      , 19     
1434, , 156    , 0      
1435, , 0      , 17     
1436, , 157    , 0      
1437, , 0      , 17     
1438, , 158    , 0      
1439, , 0      , 19     
1440, , 159    , 0      
1441, , 0      , 14     
1442, , 160    , 0      
1443, , 0      , 8      
1444, , 161    , 0      
1445, , 0      , 8      
1446, , 162    , 0      
1447, , 0      , 8      
1448, , 163    , 0      
1449, , 0      , 8      
1450, , 164    , 0      
1451, , 0      , 8      
1452, , 165    , 0      
1453, , 0      , 11     
1454, , 166    , 0      
1455, , 0      , 11     
1456, , 167    , 0      
1457, , 0      , 11     
1458, , 168    , 0      
1459, , 0      , 11     
1460, , 169    , 0      
1461, , 0      , 11     
1462, , 170    , 0      
1463, , 0      , 11     
1464, , 171    , 0      
1465, , 0      , 8      
1466, , 172    , 0      
1467, , 0      , 11     
1468, , 173    , 0      
1469, , 0      , 11     
1470, , 174    , 0      
1471, , 0      , 11     
1472, , 175    , 0      
1473, , 0      , 11     
1474, , 176    , 0      
1475, , 0      , 19     
1476, , 177    , 0      
1477, , 0      , 19     
1478, , 178    , 0      
1479, , 0      , 14     
1480, , 179    , 0      
1481, , 0      , 17     
1482, , 180    , 0      
1483, , 0      , 17     
1484, , 181    , 0      
1485, , 0      , 11     
1486, , 182    , 0      
1487, , 0      , 11     
1488, , 183    , 0      
1489, , 0      , 11     
1490, , 184    , 0      
1491, , 0      , 8      
1492, , 185    , 0      
1493, , 0      , 8      
1494, , 186    , 0      
1495, , 0      , 8      
1496, , 187    , 0      
1497, , 0      , 8      
1498, , 188    , 0      
1499, , 0      , 8      
1500, , 189    , 0      
1501, , 0      , 8      
1502, , 190    , 0      
1503, , 0      , 8      
1504, , 191    , 0      
1505, , 0      , 8      
1506, , 192    , 0      
1507, , 0      , 5      
1508, , 193    , 0      
1509, , 0      , 11     
1510, , 194    , 0      
1511, , 0      , 11     
1512, , 195    , 0      
1513, , 0      , 5      
1514, , 196    , 0      
1515, , 0      , 8      
1516, , 197    , 0      
1517, , 0      , 11     
1518, , 198    , 0      
1519, , 0      , 11     
1520, , 199    , 0      
1521, , 0      , 11     
1522, , 200    , 0      
1523, , 0      , 11     
1524, , 201    , 0      
1525, , 0      , 11     
1526, , 202    , 0      
1527, , 0      , 14     
1528, , 203    , 0      
1529, , 0      , 14     
1530, , 204    , 0      
1531, , 0      , 14     
1532, , 205    , 0      
1533, , 0      , 11     
1534, , 206    , 0      
1535, , 0      , 11     
1536, , 207    , 0      
1537, , 0      , 17     
1538, , 208    , 0      
1539, , 0      , 17     
1540, , 209    , 0      
1541, , 0      , 14     
1542, , 210    , 0      
1543, , 0      , 14     
1544, , 211    , 0      
1545, , 0      , 11     
1546, , 212    , 0      
1547, , 0      , 14     
1548, , 213    , 0      
1549, , 0      , 11     
1550, , 214    , 0      
1551, , 0      , 11     
1552, , 215    , 0      
1553, , 0      , 11     
1554, , 216    , 0      
1555, , 0      , 11     
1556, , 217    , 0      
1557, , 0      , 11     
1558, , 218    , 0      
1559, , 0      , 8      
1560, , 219    , 0      
1561, , 0      , 11     
1562, , 220    , 0      
1563, , 0      , 8      
1564, , 221    , 0      
1565, , 0      , 8      
1566, , 222    , 0      
1567, , 0      , 11     
1568, , 223    , 0      
1569, , 0      , 8      
1570, , 224    , 0      
1571, , 0      , 8      
1572, , 225    , 0      
1573, , 0      , 8      
1574, , 226    , 0      
1575, , 0      , 8      
1576, , 227    , 0      
1577, , 0      , 8      
1578, , 228    , 0      
1579, , 0      , 8      
1580, , 229    , 0      
1581, , 0      , 8      
1582, , 230    , 0      
1583, , 0      , 8      
1584, , 231    , 0      
1585, , 0      , 8      
1586, , 232    , 0      
1587, , 0      , 8      
1588, , 233    , 0      
1589, , 0      , 11     
1590, , 234    , 0      
1591, , 0      , 8      
1592, , 235    , 0      
1593, , 0      , 8      
1594, , 236    , 0      
1595, , 0      , 11     
1596, , 237    , 0      
1597, , 0      , 11     
1598, , 238    , 0      
1599, , 0      , 11     
1600, , 239    , 0      
1601, , 0      , 11     
1602, , 240    , 0      
1603, , 0      , 8      
1604, , 241    , 0      
1605, , 0      , 8      
1606, , 242    , 0      
1607, , 0      , 11     
1608, , 243    , 0      
1609, , 0      , 11     
1610, , 244    , 0      
1611, , 0      , 8      
1612, , 245    , 0      
1613, , 0      , 8      
1614, , 246    , 0      
1615, , 0      , 8      
1616, , 247    , 0      
1617, , 0      , 8      
1618, , 248    , 0      
1619, , 0      , 11     
1620, , 249    , 0      
1621, , 0      , 11     
1622, , 250    , 0      
1623, , 0      , 11     
1624, , 251    , 0      
1625, , 0      , 8      
1626, , 252    , 0      
1627, , 0      , 8      
1628, , 253    , 0      
1629, , 0      , 11     
1630, , 254    , 0      
1631, , 0      , 11     
1632, , 255    , 0      
1633, , 0      , 11     
1634, , 256    , 0      
1635, , 0      , 8      
1636, , 257    , 0      
1637, , 0      , 8      
1638, , 258    , 0      
1639, , 0      , 8      
1640, , 259    , 0      
1641, , 0      , 11     
1642, , 260    , 0      
1643, , 0      , 11     
1644, , 261    , 0      
1645, , 0      , 8      
1646, , 262    , 0      
1647, , 0      , 11     
1648, , 263    , 0      
1649, , 0      , 11     
1650, , 264    , 0      
1651, , 0      , 11     
1652, , 265    , 0      
1653, , 0      , 8      
1654, , 266    , 0      
1655, , 0      , 11     
1656, , 267    , 0      
1657, , 0      , 11     
1658, , 268    , 0      
1659, , 0      , 11     
1660, , 269    , 0      
1661, , 0      , 11     
1662, , 270    , 0      
1663, , 0      , 11     
1664, , 271    , 0      
1665, , 0      , 11     
1666, , 272    , 0      
1667, , 0      , 8      
1668, , 273    , 0      
1669, , 0      , 11     
1670, , 274    , 0      
1671, , 0      , 11     
1672, , 275    , 0      
1673, , 0      , 8      
1674, , 276    , 0      
1675, , 0      , 8      
1676, , 277    , 0      
1677, , 0      , 8      
1678, , 278    , 0      
1679, , 0      , 11     
1680, , 279    , 0      
1681, , 0      , 11     
1682, , 280    , 0      
1683, , 0      , 8      
1684, , 281    , 0      
1685, , 0      , 11     
1686, , 282    , 0      
1687, , 0      , 5      
1688, , 283    , 0      
1689, , 0      , 11     
1690, , 284    , 0      
1691, , 0      , 11     
1692, , 285    , 0      
1693, , 0      , 11     
1694, , 286    , 0      
1695, , 0      , 8      
1696, , 287    , 0      
1697, , 0      , 8      
1698, , 288    , 0      
1699, , 0      , 14     
1700, , 289    , 0      
1701, , 0      , 11     
1702, , 290    , 0      
1703, , 0      , 11     
1704, , 291    , 0      
1705, , 0      , 14     
1706, , 292    , 0      
1707, , 0      , 11     
1708, , 293    , 0      
1709, , 0      , 11     
1710, , 294    , 0      
1711, , 0      , 11     
1712, , 295    , 0      
1713, , 0      , 8      
1714, , 296    , 0      
1715, , 0      , 8      
1716, , 297    , 0      
1717, , 0      , 11     
1718, , 298    , 0      
1719, , 0      , 11     
1720, , 299    , 0      
1721, , 0      , 11     
1722, , 300    , 0      
1723, , 0      , 8      
1724, , 301    , 0      
1725, , 0      , 8      
1726, , 302    , 0      
1727, , 0      , 11     
1728, , 303    , 0      
1729, , 0      , 11     
1730, , 304    , 0      
1731, , 0      , 14     
1732, , 305    , 0      
1733, , 0      , 14     
1734, , 306    , 0      
1735, , 0      , 11     
1736, , 307    , 0      
1737, , 0      , 11     
1738, , 308    , 0      
1739, , 0      , 14     
1740, , 309    , 0      
1741, , 0      , 14     
1742, , 310    , 0      
1743, , 0      , 11     
1744, , 311    , 0      
1745, , 0      , 11     
1746, , 312    , 0      
1747, , 0      , 11     
1748, , 313    , 0      
1749, , 0      , 5      
1750, , 314    , 0      
1751, , 0      , 11     
1752, , 315    , 0      
1753, , 0      , 14     
1754, , 316    , 0      
1755, , 0      , 11     
1756, , 317    , 0      
1757, , 0      , 11     
1758, , 318    , 0      
1759, , 0      , 11     
1760, , 319    , 0      
1761, , 0      , 11     
1762, , 320    , 0      
1763, , 0      , 8      
1764, , 321    , 0      
1765, , 0      , 8      
1766, , 322    , 0      
1767, , 0      , 8      
1768, , 323    , 0      
1769, , 0      , 8      
1770, , 324    , 0      
1771, , 0      , 8      
1772, , 325    , 0      
1773, , 0      , 8      
1774, , 326    , 0      
1775, , 0      , 11     
1776, , 327    , 0      
1777, , 0      , 11     
1778, , 328    , 0      
1779, , 0      , 14     
1780, , 329    , 0      
1781, , 0      , 17     
1782, , 330    , 0      
1783, , 0      , 17     
1784, , 331    , 0      
1785, , 0      , 17     
1786, , 332    , 0      
1787, , 0      , 19     
1788, , 333    , 0      
1789, , 0      , 22     
1790, , 334    , 0      
1791, , 0      , 22     
1792, , 335    , 0      
1793, , 0      , 28     
1794, , 336    , 0      
1795, , 0      , 25     
1796, , 337    , 0      
1797, , 0      , 28     
1798, , 338    , 0      
1799, , 0      , 31     
1800, , 339    , 0      
1801, , 0      , 51     
1802, , 340    , 0      
1803, , 0      , 62     
1804, , 341    , 0      
1805, , 0      , 56     
1806, , 342    , 0      
1807, , 0      , 53     
1808, , 343    , 0      
1809, , 0      , 59     
1810, , 344    , 0      
1811, , 0      , 59     
1812, , 345    , 0      
1813, , 0      , 70     
1814, , 346    , 0      
1815, , 0      , 70     
1816, , 347    , 0      
1817, , 0      , 73     
1818, , 348    , 0      
1819, , 0      , 90     
1820, , 349    , 0      
1821, , 0      , 85     
1822, , 350    , 0      
1823, , 0      , 70     
1824, , 351    , 0      
1825, , 0      , 70     
1826, , 352    , 0      
1827, , 0      , 70     
1828, , 353    , 0      
1829, , 0      , 68     
1830, , 354    , 0      
1831, , 0      , 59     
1832, , 355    , 0      
1833, , 0      , 59     
1834, , 356    , 0      
1835, , 0      , 65     
1836, , 357    , 0      
1837, , 0      , 65     
1838, , 358    , 0      
1839, , 0      , 62     
1840, , 359    , 0      
1841, , 0      , 56     
1842, , 360    , 0      
1843, , 0      , 62     
1844, , 361    , 0      
1845, , 0      , 65     
1846, , 362    , 0      
1847, , 0      , 65     
1848, , 363    , 0      
1849, , 0      , 59     
1850, , 364    , 0      
1851, , 0      , 62     
1852, , 365    , 0      
1853, , 0      , 65     
1854, , 366    , 0      
1855, , 0      , 65     
1856, , 367    , 0      
1857, , 0      , 65     
1858, , 368    , 0      
1859, , 0      , 65     
1860, , 369    , 0      
1861, , 0      , 62     
1862, , 370    , 0      
1863, , 0      , 62     
1864, , 371    , 0      
1865, , 0      , 62     
1866, , 372    , 0      
1867, , 0      , 59     
1868, , 373    , 0      
1869, , 0      , 62     
1870, , 374    , 0      
1871, , 0      , 62     
1872, , 375    , 0      
1873, , 0      , 68     
1874, , 376    , 0      
1875, , 0      , 65     
1876, , 377    , 0      
1877, , 0      , 73     
1878, , 378    , 0      
1879, , 0      , 76     
1880, , 379    , 0      
1881, , 0      , 73     
1882, , 380    , 0      
1883, , 0      , 76     
1884, , 381    , 0      
1885, , 0      , 70     
1886, , 382    , 0      
1887, , 0      , 70     
1888, , 383    , 0      
1889, , 0      , 68     
1890, , 384    , 0      
1891, , 0      , 65     
1892, , 385    , 0      
1893, , 0      , 70     
1894, , 386    , 0      
1895, , 0      , 68     
1896, , 387    , 0      
1897, , 0      , 68     
1898, , 388    , 0      
1899, , 0      , 65     
1900, , 389    , 0      
1901, , 0      , 59     
1902, , 390    , 0      
1903, , 0      , 56     
1904, , 391    , 0      
1905, , 0      , 56     
1906, , 392    , 0      
1907, , 0      , 56     
1908, , 393    , 0      
1909, , 0      , 51     
1910, , 394    , 0      
1911, , 0      , 53     
1912, , 395    , 0      
1913, , 0      , 56     
1914, , 396    , 0      
1915, , 0      , 53     
1916, , 397    , 0      
1917, , 0      , 51     
1918, , 398    , 0      
1919, , 0      , 56     
1920, , 399    , 0      
1921, , 0      , 56     
1922, , 400    , 0      
1923, , 0      , 59     
1924, , 401    , 0      
1925, , 0      , 62     
1926, , 402    , 0      
1927, , 0      , 62     
1928, , 403    , 0      
1929, , 0      , 62     
1930, , 404    , 0      
1931, , 0      , 65     
1932, , 405    , 0      
1933, , 0      , 65     
1934, , 406    , 0      
1935, , 0      , 65     
1936, , 407    , 0      
1937, , 0      , 65     
1938, , 408    , 0      
1939, , 0      , 76     
1940, , 409    , 0      
1941, , 0      , 73     
1942, , 410    , 0      
1943, , 0      , 70     
1944, , 411    , 0      
1945, , 0      , 79     
1946, , 412    , 0      
1947, , 0      , 90     
1948, , 413    , 0      
1949, , 0      , 82     
1950, , 414    , 0      
1951, , 0      , 82     
1952, , 415    , 0      
1953, , 0      , 99     
1954, , 416    , 0      
1955, , 0      , 99     
1956, , 417    , 0      
1957, , 0      , 87     
1958, , 418    , 0      
1959, , 0      , 96     
1960, , 419    , 0      
1961, , 0      , 107    
1962, , 420    , 0      
1963, , 0      , 96     
1964, , 421    , 0      
1965, , 0      , 96     
1966, , 422    , 0      
1967, , 0      , 104    
1968, , 423    , 0      
1969, , 0      , 102    
1970, , 424    , 0      
1971, , 0      , 96     
1972, , 425    , 0      
1973, , 0      , 99     
1974, , 426    , 0      
1975, , 0      , 99     
1976, , 427    , 0      
1977, , 0      , 93     
1978, , 428    , 0      
1979, , 0      , 90     
1980, , 429    , 0      
1981, , 0      , 93     
1982, , 430    , 0      
1983, , 0      , 90     
1984, , 431    , 0      
1985, , 0      , 87     
1986, , 432    , 0      
1987, , 0      , 93     
1988, , 433    , 0      
1989, , 0      , 90     
1990, , 434    , 0      
1991, , 0      , 82     
1992, , 435    , 0      
1993, , 0      , 85     
1994, , 436    , 0      
1995, , 0      , 87     
1996, , 437    , 0      
1997, , 0      , 87     
1998, , 438    , 0      
1999, , 0      , 87     
2000, , 439    , 0      
2001, , 0      , 90     
2002, , 440    , 0      
2003, , 0      , 85     
2004, , 441    , 0      
2005, , 0      , 73     
2006, , 442    , 0      
2007, , 0      , 65     
2008, , 443    , 0      
2009, , 0      , 65     
2010, , 444    , 0      
2011, , 0      , 70     
2012, , 445    , 0      
2013, , 0      , 65     
2014, , 446    , 0      
2015, , 0      , 65     
2016, , 447    , 0      
2017, , 0      , 62     
2018, , 448    , 0      
2019, , 0      , 59     
2020, , 449    , 0      
2021, , 0      , 59     
2022, , 450    , 0      
2023, , 0      , 59     
2024, , 451    , 0      
2025, , 0      , 53     
2026, , 452    , 0      
2027, , 0      , 56     
2028, , 453    , 0      
2029, , 0      , 59     
2030, , 454    , 0      
2031, , 0      , 56     
2032, , 455    , 0      
2033, , 0      , 53     
2034, , 456    , 0      
2035, , 0      , 56     
2036, , 457    , 0      
2037, , 0      , 56     
2038, , 458    , 0      
2039, , 0      , 62     
2040, , 459    , 0      
2041, , 0      , 62     
2042, , 460    , 0      
2043, , 0      , 62     
2044, , 461    , 0      
2045, , 0      , 59     
2046, , 462    , 0      
2047, , 0      , 59     
2048, , 463    , 0      
2049, , 0      , 59     
2050, , 464    , 0      
2051, , 0      , 59     
2052, , 465    , 0      
2053, , 0      , 59     
2054, , 466    , 0      
2055, , 0      , 59     
2056, , 467    , 0      
2057, , 0      , 56     
2058, , 468    , 0      
2059, , 0      , 56     
2060, , 469    , 0      
2061, , 0      , 56     
2062, , 470    , 0      
2063, , 0      , 56     
2064, , 471    , 0      
2065, , 0      , 59     
2066, , 472    , 0      
2067, , 0      , 56     
2068, , 473    , 0      
2069, , 0      , 56     
2070, , 474    , 0      
2071, , 0      , 56     
2072, , 475    , 0      
2073, , 0      , 56     
2074, , 476    , 0      
2075, , 0      , 56     
2076, , 477    , 0      
2077, , 0      , 56     
2078, , 478    , 0      
2079, , 0      , 56     
2080, , 479    , 0      
2081, , 0      , 56     
2082, , 480    , 0      
2083, , 0      , 56     
2084, , 481    , 0      
2085, , 0      , 59     
2086, , 482    , 0      
2087, , 0      , 56     
2088, , 483    , 0      
2089, , 0      , 56     
2090, , 484    , 0      
2091, , 0      , 56     
2092, , 485    , 0      
2093, , 0      , 56     
2094, , 486    , 0      
2095, , 0      , 56     
2096, , 487    , 0      
2097, , 0      , 56     
2098, , 488    , 0      
2099, , 0      , 56     
2100, , 489    , 0      
2101, , 0      , 56     
2102, , 490    , 0      
2103, , 0      , 56     
2104, , 491    , 0      
2105, , 0      , 56     
2106, , 492    , 0      
2107, , 0      , 56     
2108, , 493    , 0      
2109, , 0      , 56     
2110, , 494    , 0      
2111, , 0      , 56     
2112, , 495    , 0      
2113, , 0      , 56     
2114, , 496    , 0      
2115, , 0      , 56     
2116, , 497    , 0      
2117, , 0      , 56     
2118, , 498    , 0      
2119, , 0      , 56     
2120, , 499    , 0      
2121, , 0      , 56     
2122, , 500    , 0      
2123, , 0      , 56     
2124, , 501    , 0      
2125, , 0      , 56     
2126, , 502    , 0      
2127, , 0      , 56     
2128, , 503    , 0      
2129, , 0      , 56     
2130, , 504    , 0      
2131, , 0      , 56     
2132, , 505    , 0      
2133, , 0      , 56     
2134, , 506    , 0      
2135, , 0      , 56     
2136, , 507    , 0      
2137, , 0      , 56     
2138, , 508    , 0      
2139, , 0      , 56     
2140, , 509    , 0      
2141, , 0      , 56     
2142, , 510    , 0      
2143, , 0      , 56     
2144, , 511    , 0      
2145, , 0      , 56     
2146, , 512    , 0      
2147, , 0      , 56     
2148, , 513    , 0      
2149, , 0      , 56     
2150, , 514    , 0      
2151, , 0      , 56     
2152, , 515    , 0      
2153, , 0      , 56     
2154, , 516    , 0      
2155, , 0      , 56     
2156, , 517    , 0      
2157, , 0      , 56     
2158, , 518    , 0      
2159, , 0      , 56     
2160, , 519    , 0      
2161, , 0      , 56     
2162, , 520    , 0      
2163, , 0      , 56     
2164, , 521    , 0      
2165, , 0      , 56     
2166, , 522    , 0      
2167, , 0      , 56     
2168, , 523    , 0      
2169, , 0      , 56     
2170, , 524    , 0      
2171, , 0      , 56     
2172, , 525    , 0      
2173, , 0      , 56     
2174, , 526    , 0      
2175, , 0      , 56     
2176, , 527    , 0      
2177, , 0      , 56     
2178, , 528    , 0      
2179, , 0      , 56     
2180, , 529    , 0      
2181, , 0      , 59     
2182, , 530    , 0      
2183, , 0      , 59     
2184, , 531    , 0      
2185, , 0      , 59     
2186, , 532    , 0      
2187, , 0      , 59     
2188, , 533    , 0      
2189, , 0      , 59     
2190, , 534    , 0      
2191, , 0      , 59     
2192, , 535    , 0      
2193, , 0      , 59     
2194, , 536    , 0      
2195, , 0      , 59     
2196, , 537    , 0      
2197, , 0      , 51     
2198, , 538    , 0      
2199, , 0      , 48     
2200, , 539    , 0      
2201, , 0      , 76     
2202, , 540    , 0      
2203, , 0      , 87     
2204, , 541    , 0      
2205, , 0      , 73     
2206, , 542    , 0      
2207, , 0      , 53     
2208, , 543    , 0      
2209, , 0      , 42     
2210, , 544    , 0      
2211, , 0      , 34     
2212, , 545    , 0      
2213, , 0      , 39     
2214, , 546    , 0      
2215, , 0      , 76     
2216, , 547    , 0      
2217, , 0      , 121    
2218, , 548    , 0      
2219, , 0      , 116    
2220, , 549    , 0      
2221, , 0      , 93     
2222, , 550    , 0      
2223, , 0      , 68     
2224, , 551    , 0      
2225, , 0      , 62     
2226, , 552    , 0      
2227, , 0      , 70     
2228, , 553    , 0      
2229, , 0      , 79     
2230, , 554    , 0      
2231, , 0      , 79     
2232, , 555    , 0      
2233, , 0      , 70     
2234, , 556    , 0      
2235, , 0      , 65     
2236, , 557    , 0      
2237, , 0      , 62     
2238, , 558    , 0      
2239, , 0      , 59     
2240, , 559    , 0      
2241, , 0      , 62     
2242, , 560    , 0      
2243, , 0      , 65     
2244, , 561    , 0      
2245, , 0      , 70     
2246, , 562    , 0      
2247, , 0      , 85     
2248, , 563    , 0      
2249, , 0      , 127    
2250, , 564    , 0      
2251, , 0      , 147    
2252, , 565    , 0      
2253, , 0      , 147    
2254, , 566    , 0      
2255, , 0      , 147    
2256, , 567    , 0      
2257, , 0      , 141    
2258, , 568    , 0      
2259, , 0      , 141    
2260, , 569    , 0      
2261, , 0      , 144    
2262, , 570    , 0      
2263, , 0      , 147    
2264, , 571    , 0      
2265, , 0      , 147    
2266, , 572    , 0      
2267, , 0      , 144    
2268, , 573    , 0      
2269, , 0      , 147    
2270, , 574    , 0      
2271, , 0      , 150    
2272, , 575    , 0      
2273, , 0      , 144    
2274, , 576    , 0      
2275, , 0      , 144    
2276, , 577    , 0      
2277, , 0      , 147    
2278, , 578    , 0      
2279, , 0      , 150    
2280, , 579    , 0      
2281, , 0      , 147    
2282, , 580    , 0      
2283, , 0      , 150    
2284, , 581    , 0      
2285, , 0      , 153    
2286, , 582    , 0      
2287, , 0      , 150    
2288, , 583    , 0      
2289, , 0      , 150    
2290, , 584    , 0      
2291, , 0      , 150    
2292, , 585    , 0      
2293, , 0      , 150    
2294, , 586    , 0      
2295, , 0      , 150    
2296, , 587    , 0      
2297, , 0      , 150    
2298, , 588    , 0      
2299, , 0      , 150    
2300, , 589    , 0      
2301, , 0      , 150    
2302, , 590    , 0      
2303, , 0      , 150    
2304, , 591    , 0      
2305, , 0      , 150    
2306, , 592    , 0      
2307, , 0      , 150    
2308, , 593    , 0      
2309, , 0      , 150    
2310, , 594    , 0      
2311, , 0      , 150    
2312, , 595    , 0      
2313, , 0      , 150    
2314, , 596    , 0      
2315, , 0      , 153    
2316, , 597    , 0      
2317, , 0      , 153    
2318, , 598    , 0      
2319, , 0      , 153    
2320, , 599    , 0      
2321, , 0      , 150    
2322, , 600    , 0      
2323, , 0      , 153    
2324, , 601    , 0      
2325, , 0      , 155    
2326, , 602    , 0      
2327, , 0      , 153    
2328, , 603    , 0      
2329, , 0      , 153    
2330, , 604    , 0      
2331, , 0      , 153    
2332, , 605    , 0      
2333, , 0      , 150    
2334, , 606    , 0      
2335, , 0      , 150    
2336, , 607    , 0      
2337, , 0      , 150    
2338, , 608    , 0      
2339, , 0      , 147    
2340, , 609    , 0      
2341, , 0      , 144    
2342, , 610    , 0      
2343, , 0      , 150    
2344, , 611    , 0      
2345, , 0      , 150    
2346, , 612    , 0      
2347, , 0      , 150    
2348, , 613    , 0      
2349, , 0      , 153    
2350, , 614    , 0      
2351, , 0      , 153    
2352, , 615    , 0      
2353, , 0      , 153    
2354, , 616    , 0      
2355, , 0      , 153    
2356, , 617    , 0      
2357, , 0      , 153    
2358, , 618    , 0      
2359, , 0      , 153    
2360, , 619    , 0      
2361, , 0      , 153    
2362, , 620    , 0      
2363, , 0      , 153    
2364, , 621    , 0      
2365, , 0      , 153    
2366, , 622    , 0      
2367, , 0      , 155    
2368, , 623    , 0      
2369, , 0      , 155    
2370, , 624    , 0      
2371, , 0      , 153    
2372, , 625    , 0      
2373, , 0      , 153    
2374, , 626    , 0      
2375, , 0      , 153    
2376, , 627    , 0      
2377, , 0      , 153    
2378, , 628    , 0      
2379, , 0      , 155    
2380, , 629    , 0      
2381, , 0      , 155    
2382, , 630    , 0      
2383, , 0      , 155    
2384, , 631    , 0      
2385, , 0      , 144    
2386, , 632    , 0      
2387, , 0      , 133    
2388, , 633    , 0      
2389, , 0      , 110    
2390, , 634    , 0      
2391, , 0      , 79     
2392, , 635    , 0      
2393, , 0      , 62     
2394, , 636    , 0      
2395, , 0      , 36     
2396, , 637    , 0      
2397, , 0      , 14     
2398, , 638    , 0      
2399, , 0      , 5      
2400, , 639    , 0      
2401, , 0      , 0      
2402, , 640    , 0      
2403, , 0      , 0      
2404, , 641    , 0      
2405, , 0      , 0      
2406, , 642    , 0      
2407, , 0      , 0      
2408, , 643    , 0      
2409, , 0      , 0      
2410, , 644    , 0      
2411, , 0      , 0      
2412, , 645    , 0      
2413, , 0      , 0      
2414, , 646    , 0      
2415, , 0      , 0      
2416, , 647    , 0      
2417, , 0      , 0      
2418, , 648    , 0      
2419, , 0      , 0      
2420, , 649    , 0      
2421, , 0      , 0      
2422, , 650    , 0      
2423, , 0      , 0      
2424, , 651    , 0      
2425, , 0      , 0      
2426, , 652    , 0      
2427, , 0      , 0      
2428, , 653    , 0      
2429, , 0      , 0      
2430, , 654    , 0      
2431, , 0      , 0      
2432, , 655    , 0      
2433, , 0      , 0      
2434, , 656    , 0      
2435, , 0      , 0      
2436, , 657    , 0      
2437, , 0      , 0      
2438, , 658    , 0      
2439, , 0      , 0      
2440, , 659    , 0      
2441, , 0      , 0      
2442, , 660    , 0      
2443, , 0      , 0      
2444, , 661    , 0      
2445, , 0      , 0      
2446, , 662    , 0      
2447, , 0      , 0      
2448, , 663    , 0      
2449, , 0      , 0      
2450, , 664    , 0      
2451, , 0      , 0      
2452, , 665    , 0      
2453, , 0      , 0      
2454, , 666    , 0      
2455, , 0      , 0      
2456, , 667    , 0      
2457, , 0      , 0      
2458, , 668    , 0      
2459, , 0      , 0      
2460, , 669    , 0      
2461, , 0      , 0      
2462, , 670    , 0      
2463, , 0      , 0      
2464, , 671    , 0      
2465, , 0      , 0      
2466, , 672    , 0      
2467, , 0      , 0      
2468, , 673    , 0      
2469, , 0      , 0      
2470, , 674    , 0      
2471, , 0      , 0      
2472, , 675    , 0      
2473, , 0      , 0      
2474, , 676    , 0      
2475, , 0      , 0      
2476, , 677    , 0      
2477, , 0      , 0      
2478, , 678    , 0      
2479, , 0      , 0      
2480, , 679    , 0      
2481, , 0      , 0      
2482, , 680    , 0      
2483, , 0      , 0      
2484, , 681    , 0      
2485, , 0      , 0      
2486, , 682    , 0      
2487, , 0      , 0      
2488, , 683    , 0      
2489, , 0      , 0      
2490, , 684    , 0      
2491, , 0      , 0      
2492, , 685    , 0      
2493, , 0      , 0      
2494, , 686    , 0      
2495, , 0      , 0      
2496, , 687    , 0      
2497, , 0      , 0      
2498, , 688    , 0      
2499, , 0      , 0      
2500, , 689    , 0      
2501, , 0      , 0      
2502, , 690    , 0      
2503, , 0      , 0      
2504, , 691    , 0      
2505, , 0      , 0      
2506, , 692    , 0      
2507, , 0      , 0      
2508, , 693    , 0      
2509, , 0      , 0      
2510, , 694    , 0      
2511, , 0      , 0      
2512, , 695    , 0      
2513, , 0      , 0      
2514, , 696    , 0      
2515, , 0      , 0      
2516, , 697    , 0      
2517, , 0      , 0      
2518, , 698    , 0      
2519, , 0      , 0      
2520, , 699    , 0      
2521, , 0      , 0      
2522, , 700    , 0      
2523, , 0      , 0      
2524, , 701    , 0      
2525, , 0      , 0      
2526, , 702    , 0      
2527, , 0      , 0      
2528, , 703    , 0      
2529, , 0      , 0      
2530, , 704    , 0      
2531, , 0      , 0      
2532, , 705    , 0      
2533, , 0      , 0      
2534, , 706    , 0      
2535, , 0      , 0      
2536, , 707    , 0      
2537, , 0      , 0      
2538, , 708    , 0      
2539, , 0      , 0      
2540, , 709    , 0      
2541, , 0      , 0      
2542, , 710    , 0      
2543, , 0      , 0      
2544, , 711    , 0      
2545, , 0      , 0      
2546, , 712    , 0      
2547, , 0      , 0      
2548, , 713    , 0      
2549, , 0      , 0      
2550, , 714    , 0      
2551, , 0      , 0      
2552, , 715    , 0      
2553, , 0      , 0      
2554, , 716    , 0      
2555, , 0      , 0      
2556, , 717    , 0      
2557, , 0      , 0      
2558, , 718    , 0      
2559, , 0      , 0      
2560, , 719    , 0      
2561, , 0      , 0      
2562, , 720    , 0      
2563, , 0      , 0      
2564, , 721    , 0      
2565, , 0      , 0      
2566, , 722    , 0      
2567, , 0      , 0      
2568, , 723    , 0      
2569, , 0      , 0      
2570, , 724    , 0      
2571, , 0      , 0      
2572, , 725    , 0      
2573, , 0      , 0      
2574, , 726    , 0      
2575, , 0      , 0      
2576, , 727    , 0      
2577, , 0      , 0      
2578, , 728    , 0      
2579, , 0      , 0      
2580, , 729    , 0      
2581, , 0      , 0      
2582, , 730    , 0      
2583, , 0      , 0      
2584, , 731    , 0      
2585, , 0      , 0      
2586, , 732    , 0      
2587, , 0      , 0      
2588, , 733    , 0      
2589, , 0      , 0      
2590, , 734    , 0      
2591, , 0      , 0      
2592, , 735    , 0      
2593, , 0      , 0      
2594, , 736    , 0      
2595, , 0      , 0      
2596, , 737    , 0      
2597, , 0      , 0      
2598, , 738    , 0      
2599, , 0      , 0      
2600, , 739    , 0      
2601, , 0      , 0      
2602, , 740    , 0      
2603, , 0      , 0      
2604, , 741    , 0      
2605, , 0      , 0      
2606, , 742    , 0      
2607, , 0      , 0      
2608, , 743    , 0      
2609, , 0      , 0      
2610, , 744    , 0      
2611, , 0      , 0      
2612, , 745    , 0      
2613, , 0      , 0      
2614, , 746    , 0      
2615, , 0      , 0      
2616, , 747    , 0      
2617, , 0      , 0      
2618, , 748    , 0      
2619, , 0      , 0      
2620, , 749    , 0      
2621, , 0      , 0      
2622, , 750    , 0      
2623, , 0      , 0      
2624, , 751    , 0      
2625, , 0      , 0      
2626, , 752    , 0      
2627, , 0      , 2      
2628, , 753    , 0      
2629, , 0      , 2      
2630, , 754    , 0      
2631, , 0      , 2      
2632, , 755    , 0      
2633, , 0      , 5      
2634, , 756    , 0      
2635, , 0      , 5      
2636, , 757    , 0      
2637, , 0      , 5      
2638, , 758    , 0      
2639, , 0      , 8      
2640, , 759    , 0      
2641, , 0      , 5      
2642, , 760    , 0      
2643, , 0      , 5      
2644, , 761    , 0      
2645, , 0      , 2      
2646, , 762    , 0      
2647, , 0      , 2      
2648, , 763    , 0      
2649, , 0      , 0      
2650, , 764    , 0      
2651, , 0      , 0      
2652, , 765    , 0      
2653, , 0      , 0      
2654, , 766    , 0      
2655, , 0      , 0      
2656, , 767    , 0      
2657, , 0      , 0      
2658, , 768    , 0      
2659, , 0      , 0      
2660, , 769    , 0      
2661, , 0      , 0      
2662, , 770    , 0      
2663, , 0      , 0      
2664, , 771    , 0      
2665, , 0      , 0      
2666, , 772    , 0      
2667, , 0      , 0      
2668, , 773    , 0      
2669, , 0      , 0      
2670, , 774    , 0      
2671, , 0      , 0      
2672, , 775    , 0      
2673, , 0      , 0      
2674, , 776    , 0      
2675, , 0      , 0      
2676, , 777    , 0      
2677, , 0      , 0      
2678, , 778    , 0      
2679, , 0      , 0      
2680, , 779    , 0      
2681, , 0      , 0      
2682, , 780    , 0      
2683, , 0      , 0      
2684, , 781    , 0      
2685, , 0      , 0      
2686, , 782    , 0      
2687, , 0      , 0      
2688, , 783    , 0      
2689, , 0      , 0      
2690, , 784    , 0      
2691, , 0      , 0      
2692, , 785    , 0      
2693, , 0      , 0      
2694, , 786    , 0      
2695, , 0      , 0      
2696, , 787    , 0      
2697, , 0      , 0      
2698, , 788    , 0      
2699, , 0      , 0      
2700, , 789    , 0      
2701, , 0      , 0      
2702, , 790    , 0      
2703, , 0      , 0      
2704, , 791    , 0      
2705, , 0      , 0      
2706, , 792    , 0      
2707, , 0      , 0      
2708, , 793    , 0      
2709, , 0      , 0      
2710, , 794    , 0      
2711, , 0      , 0      
2712, , 795    , 0      
2713, , 0      , 2      
2714, , 796    , 0      
2715, , 0      , 5      
2716, , 797    , 0      
2717, , 0      , 5      
2718, , 798    , 0      
2719, , 0      , 8      
2720, , 799    , 0      
2721, , 0      , 5      
2722, , 800    , 0      
2723, , 0      , 8      
